created_at,id,full_text
2022-09-23T01:45:52Z,1573126472214143e3,"Canâ€™t have only one rabbit in our story because theyâ€™re Mexican. #rabbits are late, but they donâ€™t mind stopping for a chat with Alice Mexican are always late anyway!

#oilpaintingoncanvas #Wixarika #contemporarypainting #contemporarymexicanartist #pinturamexicanacontemporÃ¡nea https://t.co/aeuHJQUZcY"
2022-09-24T17:00:28Z,1573719025053573e3,George hanging out with his favorite photographer! #rabbit #rabbits #rabbitlove #rabbitlife #bunny #bunnies #bunnylove #bunnylovers #bunnyrabbit #ã†ã•ã #å… #í† ë¼ https://t.co/x5k0zvP2rD
2022-09-28T05:29:42Z,1574994739912265700,Watercolor Bunny Clipart https://t.co/bg2xYzFhLY #Easter #EasterSvgDxf #bunny #rabbits #rabbit #design #designthinking #designresources #designbundles #designinspiration #pets #petlovers #handmade #crafting #Graphic #Decorations #signs #Wallpapers #wallart #quote #Watercolor
2022-09-24T08:59:06Z,1573597883861012500,"So many cute bags, choose one to take homeğŸ˜ğŸ˜
#cute #rabbits #Like https://t.co/CC8qtGyyk8"
2022-09-24T12:01:49Z,1573643867764801500,"In some folklore, #rabbits are tricksters that outwit their enemies. In others, #bunnies live on the moon to make rice cakes. ğŸ° 

Whatever the belief, these pro-hoppers are adorable mystical creatures. Share your favorite bunny story with us for #InternationalRabbitDay! ğŸ“š https://t.co/7O7l6J76vj"
2022-09-20T16:10:24Z,1572256872547356700,"she works haaard for the bunny ğŸ¶
@RabbitLoversUSA  #rabbit #pets #bunny #rabbits #bunnyboy #cute https://t.co/ziby55Kt8c"
2022-09-23T12:20:17Z,1573286125850038300,"Dasher and Fiona are friendly, young #rabbits from #Hedgesville, WV. https://t.co/xv4scwl6DF https://t.co/Nt9ZTHMXoh"
2022-09-25T00:37:24Z,1573834016998002700,"Thx the buyer!ğŸ¥°ğŸ°
#rabbits #bunny #bunnies 
werbung

https://t.co/80izgiCwYs"
2022-09-24T10:45:05Z,1573624556211896300,"#InternationalRabbitDay reminder that  rabbits are a 10 year commitment and a hutch is not enough. Stephen Carella and Anya Jenkins the bunny send love. #rabbits #bunnies #pets @BuffyTVS name reference -""Bunnies,   bunnies it most be bunnies."" https://t.co/HY37CXAxoo"
2022-09-28T19:02:00Z,1.5751991609193759e+18,"Desiree the bun is the cutest thing you'll see today!

#petrabbit #petrabbits #rabbitcare #rabbits #rabbit #bunnies #bunnyboy #bunny #bunnygirl https://t.co/IzP0YKydve"
2022-09-26T01:55:27Z,1574216044264456200,"Trust me! You'll get addicted to this story!
 
#rabbits #gamedev #digitalcomics

https://t.co/wawxZVavZf https://t.co/BfF7LdizkK"
2022-09-24T23:26:24Z,1573816146205220900,"Bunnies are still suffering in tests for makeup, body wash, cologne, and other products.  #rabbits #stopanimaltesting #crueltyfreebeauty @

This #InternationalRabbitDay, tell your federal legislators to end cosmetics testing on animals for good: https://t.co/2uhvUAzbQ4 https://t.co/Jh5rDHDZGn"
2022-09-27T16:00:07Z,1574791000580554800,Are #rabbits eating your #garden? Find out what you can do. https://t.co/uFGgwfO8wj
2022-09-22T06:09:39Z,1572830463869481e3,New episode #Silencio in which @ashleyst78 &amp; @eyepatchstory discuss the film Mulholland Drive &amp; the enigma y that is David Lynch. #DavidLynch #MulhollandDrive #Rabbits https://t.co/LPKidWx7kO
2022-09-24T04:14:46Z,1573526330536181800,"International Rabbit Day is a sweet reminder that these cute mammals need our attention and care.

#rabbitday #InternationalRabbitDay #saverabbits #rabbits https://t.co/Kas4Puf0U5"
2022-09-20T08:37:07Z,157214280010317e4,"There's nothing like a cute rabbit.ğŸ‡ 
*
#burrowspot #rabbits #rabbitsofinstagram #bunny #bunnylife #bunnygram #bunnylovers #grey https://t.co/Mf3Olx1SMk"
2022-09-27T11:02:51Z,1574716189678350300,"Just Sable laying on his tummy with some hay all over his head. 

Ohâ€¦ Charlotteâ€¦ I figured it was because of you. I see that hay in your mouth! Donâ€™t act so innocent! ğŸ˜…

#rabbits #hollandlop #bunnies #bunny #cute #blackotter #harlequin #harlequinrabbit https://t.co/PKQkYRIOxX"
2022-09-28T05:25:32Z,1574993690862313500,"Easter clipart, Easter bunny graphics &amp; illustrations https://t.co/I8kau2qZPK #Easter #EasterSvgDxf #bunny #rabbits #rabbit #design #designthinking #designresources #designbundles #designinspiration #pets #petlovers #handmade #crafting #Graphic #Decorations #signs #wallart #quote"
2022-09-21T23:40:21Z,1572732495501705200,Little bun bun returns â¤ï¸ pt.2 https://t.co/UnIpkUppPY via @YouTube #wildlife #rabbits https://t.co/BeBRsfVhH0
2022-09-20T16:31:06Z,1572262084469051400,"At the burd auction thats ran by my friends. Come along for a bargain.
#birds #birdfeed #avery #parot #finch #budgie #rabbits #guinepig book in start at 6pm auction starts at 7pm https://t.co/tZyeYpa26w"
2022-09-23T13:48:07Z,1573308230310109200,"""Better access to RHDV vaccine is on the horizon, though, as one of the European vaccines, Filavac VHD C+V, now has market authorization in Canada through Ceva Animal Health.""

https://t.co/iL7hUzRpRd

@wormsandgerms #Wildlife #VetMed #VetTwitter #Rabbits"
2022-09-25T06:37:55Z,1573924745027809300,Overrun by #Rabbits There are rabbits in my yard. And not just one or two â€“ theyâ€™re not even pets â€“ but ten to twe https://t.co/c9n6U3v6d6
2022-09-28T05:33:28Z,1574995686260547600,Bunny Rabbit Easter egg holder design SVG / DXF / EPS files. https://t.co/l1D5oDHAas #Easter #EasterSvgDxf #bunny #rabbits #rabbit #design #designthinking #designresources #designbundles #designinspiration #pets #petlovers #handmade #crafting #craft #wallart #Decorations #signs
2022-09-25T18:18:48Z,1574101127309688800,"40% off this item today!
#stripes #poinsettia #Christmasstar #Chrismas #floral #watercolor #rabbits #hotair #balloon #Bedding #duvetcover #Society6 #Manitarka
https://t.co/oMay7f9GO0 https://t.co/LDUAv8R0DX"
2022-09-21T09:28:14Z,1572518055158370300,"Skippy, who was found stray last month has really grown, his teeth also grow incredibly quickly, he's had to have 3 trims in a month &amp; had them done again this morning. When he's big enough he will have them removed.ğŸ°ğŸ˜¯ #rabbits #bunny #animals #wednesdaythought #teeth https://t.co/o6Kd1qLACf"
2022-09-21T19:03:00Z,157266269719117e4,"Why Do Rabbits Twitch Their Nose?

Is this a way of communication? You must have wondered why rabbits twitch their nose. We explore the reasons in this article.

#petrabbits #rabbitcare #rabbits #bunnies #rabbitfood

ğŸ‘‡ğŸ‘‡ğŸ‘‡
https://t.co/eQq65FMzTO https://t.co/zoP0wOJsMO"
2022-09-24T19:00:49Z,1573749313242644500,"International Rabbit Day promotes the care and well-being of wild and domestic rabbits. Celebrate this day by showing your pet rabbit some extra care, or show your support to local rescues in your area! #bunny #rabbits https://t.co/5r9HrZKjq0"
2022-09-27T16:53:52Z,1574804527760351200,"The two drama queens be like â€œ Mummyyyyyâ€¦. khana de doâ€ ğŸ¤£
#Rabbits #AnimalLovers #tuesdayvibe https://t.co/9GFx6wKk16"
2022-09-23T16:07:28Z,1573343300345528300,Friday treat! #rabbits #bunnies #pets #happyfriday #carrottime #munchingonmytreat #bunnyrabbbit #brownbunny #browneyes #tasty #nomnom #ollieskingdom https://t.co/eQZ4KtKlJ2
2022-09-26T06:04:03Z,1574278606146216e3,"#kala chashma#viralsong #bunny #rabbits #cute # vegetables#shorts
 
https://t.co/FTuZW7nxg4
 
#CuteBunny #CuteRabbit https://t.co/ltQI1sUYCa"
2022-09-23T22:52:44Z,1573445289486307300,"Thinking outside the box with 
ğŸ’˜ Cute Bunny Adjustable Phone Stand! 
 https://t.co/CP9NZR4vxX 
*
ğŸ$5 OFF shipping with 'SHIP5OFF'
*
Worldwide shippingâœˆ
*
#giftideas #burrowspot #rabbits #rabbitsofinstagram #bunny #bunnylife #bunnysofinstagram #bunnylover https://t.co/HNlTk5nJFl"
2022-09-26T19:15:00Z,1574477656271339500,"New rapid test for difficult-to-diagnose rabbit parasite #veterinary #veterinarymedicine #rabbits

https://t.co/bjbJweSEqb"
2022-09-22T12:28:46Z,1572925873367523300,Cute bunny kid's tote! #tote #totebag #totebags #kids #kidswear #schoolbag #schoolbagsforkids #bunny #rabbits  #kidsgifts #totewithpockets  #bookbag #lunchbag #mushrooms #quilted #quiltedbag #freeshipping #Sale #kidsbirthday @SewNSewSister @Etsy https://t.co/CFPdr08QLT
2022-09-24T12:00:03Z,1573643421713145900,"Rabbits are social creatures and are happiest in the company of another friendly rabbit ğŸ°ğŸ° The best combination is a neutered male and neutered female. 

#InternationalRabbitDay #Rabbits https://t.co/R9zLqbblfk"
2022-09-20T23:54:59Z,1572373791241605e3,"NEW Bunnies came in ğŸ¥°
All of those are from Evolved, so the do come with a 5 year warranty and fully submersible! So cool!
#PleasureIsland #Rabbits #Vibrator https://t.co/gkQ4kVsYBc"
2022-09-28T17:35:43Z,1575177448769003500,"Though they have their own bed, they sit on my bed as if they own it.ğŸ¤·â€â™€ï¸ğŸ˜’
#Rabbits #animallover #WednesdayFeelings https://t.co/Ugx62jmRk4"
2022-09-20T16:29:00Z,1572261553482608600,"Pet of the Day ğŸ¶ğŸ±ğŸ°

ğŸ§¾@DaisyGirl4995

#dogsoftwitter #cutedogs #doggie #puppy #dogsarefamily #DogLover #petlovers
#pets #cats #catsoftwitter #CatsOfTwitter #catsofinstagram #CatsLover #rabbits https://t.co/Dm2qYsvwUI"
2022-09-25T23:04:03Z,1574172910394261500,"##Rabbitrescue ##Rabbitsoftiktok ##Rabbit ##Rabbits ##Bunny bunnies ##Bunniesoftiktok...
 
https://t.co/dxArWo6j2U
 
#Abc #BabyRabbit #Babybunny #Babyrabbit #Bunnyrescue #CuteBabyBunny #CuteBabyRabbit #Wabbit #Wabbits #Xyz https://t.co/Gne4ybbMPT"
2022-09-21T20:59:46Z,1572692084406251500,"Our vet clinic has 2 doors and are working hard to create calming spaces for #cats &amp; small animals. This big sign is out front, smaller signs are on the doors. And yet every time I am there people bring their #dogs through the door for cats &amp; #rabbits door. Why do they do this? https://t.co/TvBzKstfoM"
2022-09-22T13:57:49Z,1572948281889792e3,"Today #RememberMeThursday (4th #Thursday of #September) is raising awareness for orphaned/sheltered #pets The goal is to share the importance of #pet adoption &amp; shine a light on all pets waiting for new homes.
#dogs #cats #rabbits #bunnies #AdoptApet https://t.co/o2HlS3T9iL"
2022-09-26T02:03:11Z,1574217990970945500,"Me and my pets :) 
#Pugsoftwitter #CatsOfTwitter #rabbits https://t.co/aliZZyEDgC"
2022-09-24T01:00:20Z,1573477398984663e3,Help! We need fresh water! They got fresh water. - Rainbow and Theodore #rabbit #rabbits #rabbitlove #rabbitlife #bunny #bunnies #bunnylove #bunnylovers #bunnyrabbit #ã†ã•ã #å… #í† ë¼ https://t.co/bVMhUw1g9b
2022-09-20T17:01:00Z,1572269606722539500,I always feel like someone is watching me. - Coco Bean #adoptdontshop #rabbit #rabbits #rabbitlove #rabbitlife #bunny #bunnies #bunnylove #bunnylovers #bunnyrabbit #ã†ã•ã #å… #í† ë¼ https://t.co/iCMzijmZn8
2022-09-28T05:31:27Z,1574995180150657e3,Easter Porch Sign SVG - Every Bunny Welcome https://t.co/32UoemBs0V #Easter #EasterSvgDxf #bunny #rabbits #rabbit #design #designthinking #designresources #designbundles #designinspiration #pets #petlovers #handmade #crafting #craft #Graphic #Decorations #signs #wallart #porch
2022-09-26T16:18:53Z,1574433335375339500,"Rabbits &amp; Flowers Satin Pajamas 

https://t.co/9v6pWo7MBP 

#animals #bunnies #bunny #subliminator #rabbit #rabbits https://t.co/pNyVLrJBNc"
2022-09-20T23:41:25Z,1572370375337709600,"Cool Cat Digital Download writing paper/ instant downloadable paper/ print on demand/ school paper/exercise writing paper/ Rabbits ğŸ†
 #DownloadablePaperPrint #cool #PaperInstant #Digital #Rabbits #DemandSchoolPaperexercise #cat
https://t.co/N0lwvjqusC"
2022-09-25T08:43:01Z,1573956225863061500,"The plot of ""After I Left You"" is like a roller coaster of emotion. It's riveting and full of surprises!
 
#rabbits #Action #japanese

https://t.co/NDJqsRvx7R https://t.co/ceJpJTpfTT"
2022-09-28T15:58:01Z,1575152859083055e3,"Bought these Bunnies, I know I'm bonkers but I thought they'd look good on the garden table ğŸ¤ª.
#gardening #photography #art
#lovewildlife #lovenature #savethebees  
#recycling #MentalHealthAwareness #BeKind #beautiful #Rabbits #wednesdaythought https://t.co/K4kR3mh5ub"
2022-09-25T13:31:29Z,1574028819148808200,"Hoppy Sunday Everyone 

Love you all lots ğŸ’“ ğŸ’— â¤ï¸ 
@JettBunny 

#beautiful #rabbit #rabbits_daily #rabbits #Rabbithole #bunny #bunnies #cute #Love #pets #pet #Ireland #Dublin #rabbitsoftwitter #AdoptDontShop #adoptpets #peace https://t.co/fD76JRvNvC"
2022-09-22T07:15:37Z,1572847065897443300,"Video of a dog feeding carrots to rabbits and a pig is too cute to handle
Download PublicVibe For more Updates: https://t.co/B6AeZ5DSGe

#CuteVideo #Rabbits #Pig #ViralVideo https://t.co/pbkLKJZmO4"
2022-09-23T10:02:46Z,1573251518094090200,"Thinking outside the box with 
â¤ï¸ Rabbit with Glasses Long Sleeve Shirt! 
 https://t.co/NEPKhBkthS 
*
ğŸ’$5 OFF shipping with 'SHIP5OFF'
*
Worldwide shippingâœˆ
*
#giftideas #burrowspot #rabbits #rabbitstagram #bunny #bunnylife #bunnysofinstagram #bunnylove https://t.co/YOnDqNEdKI"
2022-09-24T11:28:10Z,1573635400370880500,#CatsofTweitter #DogsofTwittter #rabbits Good morning all. We have good news. Daddy is home and Grey Daddy came over this morning and stayed long enough to have a good breakfast with wet food and kitten chow. Mommy left it for him and he ate while she was feeding the ğŸˆâ€â¬›s@ culvert https://t.co/HxhiKAsgxv
2022-09-24T04:43:20Z,1573533520726614e3,"Life is surely a happier one with rabbits around us, so keep it all happy and nice by taking care of rabbits.

#rabbitday #InternationalRabbitDay #saverabbits #rabbits https://t.co/7L7IkY4LFD"
2022-09-24T12:10:34Z,1573646067563888600,"September 24 is American Frog AND International Rabbit Days! ""Well then, definitely hop to it!"" @comedycures

#comedycures #neilberliner @sarannelive #AmericanFrogDay #InternationalRabbitDay #froghumor #rabbithumor #frog #rabbit #rabbits #sept24 #Didyouknow #funfact #onthisdate https://t.co/PlXfJqWyXg"
2022-09-26T19:02:00Z,1574474384948883500,"I wonder what is bun bun plannning ğŸ˜‚â™¥ï¸

#petrabbit #petrabbits #rabbitcare #rabbits #rabbit #bunnies #bunnyboy #bunny #bunnygirl https://t.co/SvTzuYfP3R"
2022-09-23T08:27:54Z,1573227643801313300,My rescue rabbit Miffy constantly licks me! It means Iâ€™m her bonded person &amp; she loves me yey! ğŸ’• Itâ€™s been just over 4 weeks since she came into my life #pets #rabbits https://t.co/tc48urtYZe
2022-09-24T18:44:05Z,1573745099254730800,"Brand identity for GREAT RABBIT ğŸ°

Let me know your thought on this identity in the comment section.

Thank you @bylamuse for giving me your advice on this #brandidentity #Logodesigner #Freelance #logodesigns #logo  #GraphicDesign #rabbits https://t.co/ZzssH4AHX4"
2022-09-23T06:09:00Z,1573192691974041600,Nose boops for my Twitter family .... we love you all... #bunlife #bunny #rabbits #CuteAnimals #cute #pets #flemishgiants https://t.co/wDbKmS9xxL
2022-09-27T09:44:13Z,157469640343083e4,"Hoppy Tuesday Everyone 

Fresh grass yummy ğŸ˜‹ 

Love you all lots ğŸ’“ ğŸ’— @JettBunny 

#BrandNew #rabbit #rabbits #bunny #bunnyday #rabbitoftheday  #bunnies #bunnys #pets #pet #cute #love #friends #grass #AdoptMePets #AdoptDontBuy #adoptdontshop #Ireland #Dublin https://t.co/fgqvlhGDb4"
2022-09-26T18:07:31Z,1574460673614286800,"Trust me! You'll get addicted to this story!
 
#rabbits #coloring #ameart

https://t.co/K7UjZ4B3qH https://t.co/KjymZAnqer"
2022-09-25T06:29:51Z,1573922713017647e3,I only have THREE of these ADORABLE and rather #Kitsch #BirthdayCards left now in my #etsyshop EXTREMELY RARE Vintage/Retro Circa 1960s 'A Happy Birthday' Four Fold Cut-Out Front Card Cute Pair of #Rabbits Design #KitschLover #BirthdayCard https://t.co/fpguzd97sh #1960s #Retro https://t.co/ArIMxagEf6
2022-09-22T23:22:14Z,1573090322304860200,Outside for the first time. #Bunny #bunniesoffacebook #Animals #rabbits #pets #Nature #TikTok https://t.co/lxldJl71Nm
2022-09-26T12:00:14Z,1574368242512330800,"Did you know that acupuncture can be useful in #rabbits? ğŸ° #Acupuncture has been used in rabbits to help treat head tilts, kidney disease, weakness/paralysis, urinary problems, respiratory problems, pain, anxiety, and so much more!
#holisticveterinarian #newjersey https://t.co/nLbXjI74gJ"
2022-09-23T14:59:59Z,1573326316379701200,"@MrUnoriginality 2/
Thousands upon thousands of defenseless #dogs #cats #kittens #rabbits &amp; other pets have been killed thanks to Vick inspiring people across the country to get into dogfighting. 
https://t.co/lRQmM18Urc"
2022-09-22T17:54:49Z,1573007928235364400,"Gonna do some comic reading
 
#rabbits #freecomic #Blender3d

https://t.co/gGBhQUUNrj https://t.co/mqTWfa7wMF"
2022-09-22T11:23:37Z,1572909479431405600,Thumper and Runner were at the city shelter.  We pulled them into our rescue and they are enjoying the fresh veggies and attention.  They would love a new home and family!  #rabbits #adoptdontshop #adopts https://t.co/nBTCLk2yJD
2022-09-24T13:00:30Z,1573658634940285e3,The bunny bus has arrived. - Rainbow and George#rabbit #rabbits #rabbitlove #rabbitlife #bunny #bunnies #bunnylove #bunnylovers #bunnyrabbit #ã†ã•ã #å… #í† ë¼ https://t.co/jfCrQzdtmr
2022-09-26T08:38:16Z,1574317417399869400,"2 playful rabbits
#drawing #art #digitalart #Illustration #rabbits https://t.co/q0kjT42xXB"
2022-09-24T09:00:21Z,1573598198484066300,Cosmo was really trying to get into the closet! #rabbit #rabbits #rabbitlove #rabbitlife #bunny #bunnies #bunnylove #bunnylovers #bunnyrabbit #ã†ã•ã #å… #í† ë¼ https://t.co/FqSIFXTvqD
2022-09-24T18:30:16Z,1573741623149793300,"ğŸ° It's #InternationalRabbitDay! ğŸ°

Did you know that #rabbits perform an athletic leap, known as a â€˜binkyâ€˜, when theyâ€™re happy â€” doing twists and kicks in mid air!

Hop over to our website for more hopping fun rabbit facts: https://t.co/EGUA6yii8s https://t.co/EEE9ZcEhIh"
2022-09-24T15:31:58Z,1573696752745877500,"So cute my bunny. ğŸ¥°ğŸ¥°ğŸ°ğŸ°â¤â¤
@usarabbitlovers #rabbit #bunny #rabbitvideo #rabbits #rabbitlovers #bunnylovers #bunnyday #pets https://t.co/Lgt2JbN3zr"
2022-09-21T07:59:58Z,1572495839406456800,"I love the art style in ""The Tail and Tale of a Snow Leopard"" so much! It's gorgeous! The character designs are amazing, too! Highly recommend!
 
#rabbits #japanese #wednesdaythought

https://t.co/xBGiWeUz2o^japanese^wednesdaythought https://t.co/RVrvfxiP1s"
2022-09-21T21:17:04Z,1572696435065524200,"Rabbits &amp; Flowers Shorts 

https://t.co/88AqXjwCRX 

#animals #bunnies #bunny #subliminator #rabbit #rabbits https://t.co/hnNQypPMdq"
2022-09-25T08:04:33Z,1573946543492968400,Didnâ€™t know it was National Rabbit day so hereâ€™s my Drabbit fursona with her hubby whose a Jackalope rabbit #NationalBunnyDay #furry #Furryartist #rabbits https://t.co/Lwv6gl7Qi9
2022-09-26T17:26:09Z,1574450263619936300,"Wow wow wow, what a wonderful discovery! Where was this found? Amazing ancient mosaic of some animals on the hunt, #dogs hunting #rabbits, plus #geese, #goats, &amp; #turtles I believe. Who needs tv when oneâ€™s home could have been filled with these scenes of nature! https://t.co/6w1Wi711J7"
2022-09-27T21:45:39Z,1574877958082273300,"Here are some examples of what the #PetProdigy posts look like:
https://t.co/l6isobHwph
https://t.co/MlQOnCZFiR
https://t.co/3niIWF1Qzb

Submit your super smart pet here: https://t.co/Uc3EoJ8uuk

@darth #pets #dogs #cats #birds #horses #snakes #rabbits #hamsters #gerbils #turtles https://t.co/Css7vRKDkw"
2022-09-26T12:00:00Z,1574368187142938600,"New rapid test for difficult-to-diagnose rabbit parasite #veterinary #veterinarymedicine #rabbits

https://t.co/ofGjTYYHcw"
2022-09-25T16:34:50Z,1574074961509388300,"This comic is definitely worth reading! Come check it out!
 
#rabbits #cartoonart #manhwa

https://t.co/TCEMi13jRq https://t.co/7ir1YZTCDi"
2022-09-28T00:20:18Z,1574916874604671e3,"Violet (&amp; George) are sweet, adult #rabbits from #Holiday, FL. https://t.co/NBhtqzclcy https://t.co/SSgcj8ATQh"
2022-09-23T11:35:00Z,1573274729825321e3,"Google Stadia ğŸ® Ubisoft+ - Rabbids: Party of Legends #2
#rabbits #Ubisoftplus #Ubisoft #Stadia #CloudGaming #RateStadiaGames #TeamCloud #Stadia1000 #Google #Stadians #StadiaCommunity #TeamStadia
https://t.co/QIrsLEXizv"
2022-09-27T00:48:07Z,1574561489414914e3,"Cute rabbits are the ultimate gift 
ğŸ’Œ Bunny Sunrise Alarm Clock! 
 https://t.co/bRNUWzlvZr 
*
â–¶ï¸$5 OFF shipping with 'SHIP5OFF'
*
Worldwide shippingâœˆ
*
#giftideas #burrowspot #rabbits #rabbitsofig #bunnies #bunnylife #bunstagram #bunnylovers https://t.co/ZJvLEYqRXn"
2022-09-24T20:35:02Z,1573773024129650700,"Happy #InternationalRabbitDay !! Here's to the best fuzzlers in our lives!! Momma and Poppa love you girls!!

#bunny #rabbit #bunnies #rabbits #thunderanddoom #flemishgiants #pets https://t.co/lr7XH273GG"
2022-09-26T19:47:25Z,1574485814804979700,"Tomorrow (Tuesday) its #rehomehour so please come along&amp;join in&amp;share all things pets. pets needing homes,lost pets,found pets #fundraising Every tweet might help our fur pals in rescue
So please come&amp;join in&amp;tweet for them 8pm UK/3pm ET/pm CT/12pm PT #K9Hour #dogs #cats #rabbits https://t.co/EKj5ODCJmU"
2022-09-27T11:26:00Z,1574722016132972500,"ğŸ° One of the major contributing factors for illnesses in #rabbits is poor diet. ğŸ¥•

Rabbits are herbivores and need a nutritious, balanced and interesting #diet, which you can find out more about here in our blog ğŸ‘‡ 

#rabbitsoftwitter #rabbitadvice
https://t.co/GXU7qvEr10"
2022-09-21T08:05:54Z,1572497332725489700,This ğŸ¶ğŸ• feeding ğŸ¥•ğŸ¥• to the ğŸ‡ğŸ‡ğŸ‡ is the kindest video you will watch today ğŸ’•â¤ï¸ğŸ’•. #dog #doglovers #rabbit #rabbits #funny #bunny #caring #sharing #kind #kindness #help #aid #assist #carrot #PetFriendly #savetheplanet https://t.co/YVqMgGSMAQ
2022-09-22T22:13:23Z,1573072997744787500,"I love the art style in ""Tender Loving CEO"" so much! It's gorgeous! The character designs are amazing, too! Highly recommend!
 
#rabbits #nsfwtwtÙ‹ #animationdev

https://t.co/zM7ExdFDveÙ‹,animationdev&amp;time=2022-09-23_06:13:16 https://t.co/nZG7dAr5C1"
2022-09-22T04:40:23Z,1572808000502632400,"Volunteer of the week ğŸ¥³ğŸ¥³
Follow us for more content ğŸ¥°ğŸ¥°ğŸ°ğŸ° @usarabbitlovers #rabbit #USA #bunny #cute #bunnyboy #pets #rabbitlovers #rabbits https://t.co/xP0wfbC6eW"
2022-09-22T11:48:23Z,1572915712913707e3,"Check out much more on Bilibili Comics - search ""Into the Heart of a Warm Marriage"" and favorite!
 
#rabbits #tgcffanart #Animate

https://t.co/1HQNbuS4NM https://t.co/aGgLpIzqp1"
2022-09-24T12:28:07Z,1573650486917582800,Theo finally grew into his harness so off to explore the garden now #rabbits #pets #petrabbit https://t.co/PeEB8lUOJH
2022-09-26T05:27:02Z,1574269291561713700,"We Homo Sapiens should wear our own skin.

Letâ€™s leave animals alone.

#rabbits #angora #clothes #fashion #AnimalCruelty https://t.co/CmwlwatpP9"
2022-09-24T14:34:54Z,157368239270699e4,"Personalize &amp; purchase this pair of pretty bunny rabbit art #greetingcards  at https://t.co/Cgw9vztX3U in the MMAndersonArt collection @gcuniverse where you will find a wide array of lovely animal &amp; floral designs, many with customizable front text. #thinkingofyoucards #rabbits https://t.co/OW9aOl0TLL"
2022-09-28T04:22:42Z,1574977878118129700,"Check out much more on Bilibili Comics - search ""The Return of the Abandoned Son"" and favorite!
 
#rabbits #freecomics #artist

https://t.co/dMNpXKNFv1"
2022-09-23T10:34:23Z,1573259475406164e3,"Snagged my 2 tiny units ğŸ¤ğŸ¼ ğŸ°

These are way too fire to pass up! Honestly! ğŸ”¥ğŸ”¥ğŸ”¥

â¬‡ï¸â¬‡ï¸â¬‡ï¸

https://t.co/avUFvOeZEb

â¬†ï¸â¬†ï¸â¬†ï¸

#nft #NFTCommunity #pixelart #Ethereum #rabbits #bunny #alphaplay #smallcap #lfg

@tinyrabbitland https://t.co/oUXhXPb4nz"
2022-09-28T05:34:29Z,1574995944369574e3,"3d floral Rabbit svg, Easter bunny svg, dxf cut files. https://t.co/6meTPkQdWP #Easter #EasterSvgDxf #bunny #rabbits #rabbit #design #designthinking #designresources #designbundles #designinspiration #pets #petlovers #handmade #crafting #craft #Decorations #Flowers #Floral"
2022-09-20T14:21:09Z,1572229379341574100,"Henry
Disco music - Oscar Wilde books - Theatre enthusiast

#NFTCommunity #objktnft #rabbits https://t.co/gMFwUmifcd"
2022-09-21T03:05:26Z,1572421717766844400,"How cute this bunny. ğŸ¥°ğŸ¥°ğŸ°ğŸ°
@usarabbitlovers #rabbit #bunny 
#bunnysuit #rabbits #cute #pets https://t.co/rm0UXr7WHd"
2022-09-24T22:22:20Z,1573800023816654800,"International rabbit day!!
This day is especially observed to promote the care and protection of domestic and wild rabbits. ğŸ°ğŸ‡
 #rabbits #bunnies #nfts #sadbunni https://t.co/Zcsmpqihlo"
2022-09-24T09:39:48Z,1573608126334603300,"bones on a mossy log combines 3 of my favourite things :D

#buzzard #rabbits #vultureculture #brutalnature https://t.co/ggCYPaCpeF"
2022-09-20T19:03:00Z,1572300309266714600,"Why Rabbits Have Short Tails?

When we think of bunnies, we imagine cute long ears and nice cotton ball tails. But have you ever thought about why rabbits have short tails?

#petrabbits #rabbitcare #rabbits #bunnies 

ğŸ‘‡ğŸ‘‡ğŸ‘‡
https://t.co/ozMg6LSZo6 https://t.co/tsQCcPxzwi"
2022-09-23T01:26:59Z,1573121717815459800,Bunny was back in the yard this evening. #rabbits #Illinois #nature #photography #wildlifephotography https://t.co/LRWIyUde6p
2022-09-26T07:59:33Z,1574307673020964900,"Soâ€¦ we just won ğŸ† best new product in our category at the UKâ€™s national pet trade show, howâ€™s about that?! ğŸ¹â¤ï¸ğŸ™ŒğŸ»ğŸ¾ Not an easy one to win and some accolade for our brand new range! Go HayPigs! ğŸ¹ğŸ­#pignmix #complementary #feed #guineapigs #rabbits #smallanimal #enrichment #fun https://t.co/lzx1KmA1pG"
2022-09-27T19:01:00Z,1.5748365209424159e+18,"#RehomeHour @RSPCA_Northants need foster homes for various animals.

https://t.co/tdbap6K5SP

#Northants #dogsoftwitter #catsoftwitter #rabbits #rescuedog #rescuecat #Northamptonshire https://t.co/XH5Jv6Dy67"
2022-09-24T18:30:06Z,1573741583006158800,Happy #InternationRabbitDay! Did you know we have other furry friends than just dogs and cats? Our rabbits are waiting for their furever homes just like any of our other animals! ğŸ‡ #nationalbunnyday #bunnies #rabbits #shelterrabbit #animalshelter #adoptdontshop #savetheanimals https://t.co/5i9p32kDMr
2022-09-23T19:14:17Z,1573390313141698600,"Absolute scum. If you can't look after pets, then the least you can do is take them to a shelter and not throw them away like trash, especially if you drive! Truly scum. I really hope this person suffers. #animals #pets #cats #rabbits https://t.co/J5DVIrdkeE"
2022-09-27T19:20:00Z,1574841302247624700,"#RehomeHour these beauties are looking for forever families via @RSPCA_Northants.

https://t.co/vYknPu4nFI

#rabbits #bunnies #rescue #rabbitsoftwitter #adoptdontshop https://t.co/sikRdgcOxA"
2022-09-20T10:37:03Z,1572172981471957e3,"ğŸ°: Tell me that story again Little Poop!

ğŸ’©: Fine, I guess! Soâ€¦ once upon a timeâ€¦ 

It looks like Charlotte is having bedtime stories with the poop to me. I find it comical lol. ğŸ˜‚

#rabbits #hollandlop #bunnies #bunny #cute #blackotter #harlequin #harlequinrabbit https://t.co/nBZEw1GxrY"
2022-09-26T07:29:57Z,1574300223941509e3,"This awesome comic deserves more attention!
 
#rabbits #commissionopen #oc

https://t.co/CwwVcuvqUf^commissionopen^oc https://t.co/1psJR04akt"
2022-09-28T14:37:05Z,1575132494277488600,"How cute a rabbit

#bunny #bunnies #rabbit #rabbits #pet #pets #petlife #petsofig #bunnylife #bunniesofig #cop #uniform #police #animal #animals #bunnyoftheday #cops https://t.co/0sO9iseDd2"
2022-09-21T13:21:14Z,1572576689733111800,"Pooh Bear and Poncho are shy, adult #rabbits from #Hahira, GA. https://t.co/1NG2EwY7wU https://t.co/cDrqy7uQ5y"
2022-09-21T21:07:09Z,1572693941891235800,"Cute Art Print Baby Bunnies in the garden :)
#bunnies #rabbits #nature #cute #animals #Nursery #decor #homedecor #wallart #kidsdecor #naturelovers #watercolor #artprint #GiftThemArt #TMTinsta #shopsmall #supportsmallbusinesses #etsy #moms 

https://t.co/lPNgZXailx https://t.co/cd4VB1nvqY"
2022-09-21T12:48:16Z,1572568391478825e3,"pfp from the @BansheeNrabbits collection ğŸ”¥

I loved my rabbit, especially the straw hat, he certainly wants to be a pirate â˜ ï¸

Also the detail of the button on the lapel, the cubensis mushroom

This collection is worth checking out ğŸ”¥

#NFTs #NFTCommunity #pfp #tezos #rabbits https://t.co/P2cHgOLwjo"
2022-09-23T11:47:12Z,1573277801943339e3,"In the PATRONS ONLY BONUS episode 273â€¦
- Where have my #rabbits gone?
- Chigs had a rough nightâ€¦ Yeah right
- #EastSide Vs. #WestSide
- The #pool closing is FINALLY upon usâ€¦ Again
- Update on the MIL

Visit https://t.co/riWKAKrHya for more information.
https://t.co/xsrC4iQEbv"
2022-09-24T10:00:00Z,1573613211449974800,"Hoppy #InternationalRabbitDay!
To celebrate here is a #rabbit jelly mould from The Devil's Porridge Museum's collection. 

#InternationalRabbitDay2022 #RabbitDay #rabbitday2022 #rabbits #rabbit https://t.co/TlMkbkJDzs"
2022-09-26T16:28:48Z,1574435830143164400,"This awesome comic deserves more attention!
 
#rabbits #gamedev #cartoonart

https://t.co/Uqb6SGXG4F https://t.co/8vh5rhN3aD"
2022-09-23T20:00:08Z,1573401850162081800,"Did you miss the #ChickenReport yesterday? Don't worry, we have you covered! #chickens #rabbits #hellofall https://t.co/snb6HMkYfM https://t.co/ABgkqiuVy5"
2022-09-25T11:19:10Z,1573995522364416e3,"Albert has finally got to a new home after waiting so long, hopefully he will behave himself and not cause to much trouble! Thanks to Natasha for the pictures. ğŸ°ğŸ™‚ #rabbits #bunny #newhome https://t.co/tFLSuQ0dkn"
2022-09-27T17:17:09Z,1574810387802906600,"My sweet boys!

Berry is on the box, and Brickle is on the floor.

I'm still insane.

#bunny #rabbits #LifewithBrickle #LifewithBerry https://t.co/EVRvLWaox6"
2022-09-20T16:31:52Z,1572262278061494300,"she works haaard for the bunny ğŸ¶
@usarabbitlovers  #rabbit #pets #bunny #rabbits #bunnyboy #cute https://t.co/1CEL2KjtXy"
2022-09-28T20:44:42Z,1575225008044974e3,"Spice up your evening with us!
#sextoys
#vibrators
#Swingers
#lesbiabs
#gay
#adult
#dildos
#plugs
#buttplug
#lube
#girls
#rabbits
#Love
#selflove https://t.co/8JWHBBBJiw"
2022-09-23T05:49:48Z,1573187859720581e3,"One of the best drawings of all time
 
#rabbits #Episodic #digitalanimation

https://t.co/LBbSQAOdzv https://t.co/jfxMKDJhfP"
2022-09-21T14:28:57Z,1572593730347225e3,"My rescue rabbit Miffy loves @haypigs blueberry biscuits. Sheâ€™s done a product placement video for you ğŸ’• 

Seeing Miffy happy ğŸ˜Š makes me happy ğŸ˜Š Pets are definitely the best therapy #rabbits #mentalhealth #anxiety https://t.co/DwDp4zHlzk"
2022-09-25T21:52:08Z,1574154813142716400,Action buns #rabbits #digitalart #Procreate #ArtistOnTwitter https://t.co/9Xt5iiewyR
2022-09-24T17:17:42Z,1573723361590378500,"On this #RabbitDay read about one lucky rabbit rescued from a lab. Support the #CAREAct to give more #Rabbits the same chance. #SendSurvivorsHome #InternationalRabbitDay #NationalBunnyDay
https://t.co/ml0DzFwtzP https://t.co/ND9O7vAbpd"
2022-09-28T07:16:02Z,1575021498737229800,"Cute #Rabbit
 
https://t.co/4qBW6z1M5U
 
#AmazingRabbit #CuteBunny #CuteRabbit #Rabbits #à¦–à¦°à¦—à¦¶ #à¦¸à¦¨à¦¦à¦°à¦–à¦°à¦—à¦¶ https://t.co/m2A6khxtQq"
2022-09-25T05:56:07Z,1573914223431880700,"#petition Via Cruelty Free International @CrueltyFreeIntl
#Animals
#SendSurvivorsHome By Supporting the CARE Act &gt;
https://t.co/tB73Ml3hd0.

ğŸ¾ğŸ¾ #CatsğŸ˜º #DogsğŸ• #rabbitsğŸ‡

The Companion Animal Release from Experiments (CARE) Act
#SendSurvivorsHome"
2022-09-22T13:20:15Z,1572938831808143400,"Max and Milo are adult #rabbits from #Alliston, ON. https://t.co/Pj0Kl2YEE2 https://t.co/y2zPr4qzyU"
2022-09-27T02:46:45Z,1574591344491667500,"Rabbit Moon Tough iPhone Cases!
Design @FordandFlower ~
Shop : https://t.co/3v37FgS0ax via @Etsy 

#iPhone #phonecases #phonecase #rabbits #rabbit #moon #Luck #Apple #fortune #happiness #style #fashionstyle #fashionblogger #etsygifts #etsyfinds #fashionweek #fall #Autumn #NYC"
2022-09-28T05:26:46Z,1574994001123414e3,Easter Bunny Cottontail Bundle SVG 40 designs https://t.co/HGCltc4ee4 #Easter #EasterSvgDxf #bunny #rabbits #rabbit #design #designthinking #designresources #designbundles #designinspiration #pets #petlovers #handmade #crafting #craft #Graphic #Decorations #signs #wallart #quote
2022-09-21T15:23:21Z,1572607420853276700,"I met a real-life Silver from 'Watership Down'! He's a Flemish giant, a huge breed of domestic rabbit. Isn't he beautiful?
#rabbits #animals #pets https://t.co/SzIQMpGySN"
2022-09-27T09:16:14Z,1574689358698930200,"A painting to make you smile ğŸ°ğŸ‡ğŸ˜€ğŸŒ¸ I absolutely loved painting my rabbits ğŸ˜‚
#rabbits #painting #art #painter #WomensArt #rabbitart https://t.co/6oUD8VFSos"
2022-09-23T20:32:08Z,1573409903443841e3,"One of the best drawings of all time
 
#rabbits #indiecomics #monthlymanga

https://t.co/4ZuypRHxuu https://t.co/FCLIxZyWb8"
2022-09-24T17:37:43Z,1573728400321257500,"#computerscience #webdesign #design #hardware #rabbits #socialmedia #softwaredevelopment
 
https://t.co/eapMdqu3Yz 
 
Big Data: Principles and best practices of scalable realtime data systems"
2022-09-24T21:05:28Z,1573780680298856400,@Gerashchenko_en And this is what Russia is fighting against as they do not have the same caring mentality or nature as #Ukrainians  Save yourselves russkies run like #rabbits just like #LooneyLavrov did at the @sec_council Cant take the truth so runaway https://t.co/hp5L62XKi8
2022-09-28T19:40:02Z,1575208730643206100,Important reminder that a cage/hutch is not big enough and a rabbit cannot be mentally or physically fit locked in a cage/ hutch. #rabbits #bunnies #uncagetherabbit https://t.co/3MtYBFzgQB
2022-09-21T12:05:00Z,1572557505313779700,"""Demon X Angel Can't Get Along!"" is an absolutely perfect comic! It's living rent free in my head!
 
#rabbits #mangacommunity #Shoujo

https://t.co/IPE4WiHiEY https://t.co/lvc8LGsMpC"
2022-09-21T04:34:20Z,1572444091170062300,"It is illegal to own a pet rabbit in this Australian state!

#Trivia #Rabbits #Australia #Queensland #Facts #FunFacts #Fact #FactofTheDay #magic #magician #ViralFact #ViralFacts #OddFacts #Wildlife https://t.co/qXw1xKWFHV"
2022-09-22T03:10:34Z,1572785398753169400,"Trust me! You'll get addicted to this story!
 
#rabbits #comic #ScholArt

https://t.co/o4GXTvlme1 https://t.co/5LHEbaBrzd"
2022-09-26T12:08:08Z,1574370233552601e3,"Apparently I read comics now
 
#rabbits #minicomic #Artstyle

https://t.co/a4vav6WmYS https://t.co/c7KKezzY4R"
2022-09-20T11:30:56Z,1572186545209184300,Caring for a pet rabbit ğŸ‡ in four stages ğŸ˜† #rabbits #AdoptDontShop https://t.co/RkrTTESgdD
2022-09-28T05:23:45Z,1574993243099476e3,Bunny Shadow Box 3D Template - SVG Papercut Cutting File https://t.co/69OmOI86gE #Easter #EasterSvgDxf #bunny #rabbits #rabbit #design #designthinking #designresources #designinspiration #pets #petlovers #handmade #crafting #craft #Graphic #Decorations #signs #wallart #quote #box
2022-09-26T00:54:20Z,1574200664007270400,"Our rabbit gifts and products are so cute 
ğŸ’“ Girl's Lolita Rabbit Plush Crossbody! 
 https://t.co/AeCveKDj1G 
*
ğŸ‘‰$5 OFF shipping with 'SHIP5OFF'
*
Worldwide shippingâœˆ
*
#giftideas #burrowspot #rabbits #rabbitstagram #bunny #rabbitlife #bunnystagram #bunnylovers https://t.co/w5OhHYV1g0"
2022-09-27T15:54:00Z,1574789460629155800,"Pet of the Day ğŸ¶ğŸ±ğŸ°

ğŸ§¾@Blue_Meanie1976

#dogsoftwitter #cutedogs #doggie #puppy #dogsarefamily #DogLover #petlovers
#pets #cats #catsoftwitter #CatsOfTwitter #catsofinstagram #CatsLover #rabbits https://t.co/BkmdWpuSzt"
2022-09-21T00:33:54Z,1572383585642107e3,"This is my first experience staying at a hotel because my mother is sick.
#rabbits #rabbit  
#bunnyboy #bunnycolby https://t.co/Y7KMMSJd3T"
2022-09-28T10:45:15Z,1575074150846066700,"A nice walk with Cookie ğŸ’™ğŸ¤
Follow us for more photo  ğŸ¥°ğŸ¥°ğŸ°ğŸ° @RabbitLoversUSA #rabbit #cute #bunny #rabbits #bunnylover #pets https://t.co/s7A9haqv9i"
2022-09-27T18:34:43Z,1574829905858236400,"Weâ€™re currently seeking a digital marketer to help a vegan rabbit rescue with an urgent project.
#DigitalMarketingServices #AnimalWelfare #rabbits 

https://t.co/kEFtxlgVdn"
2022-09-26T12:15:00Z,1574371959705518e3,"New rapid test for difficult-to-diagnose rabbit parasite #veterinary #veterinarymedicine #rabbits

https://t.co/bjbJwfafhJ"
2022-09-23T00:20:17Z,1573104930759524400,"June (&amp; Benny) are adult #rabbits from #Holiday, FL. https://t.co/c1lsaV8edt https://t.co/IN9p9f6SBY"
2022-09-23T03:15:35Z,1573149046579302400,"What's going on this..ğŸ˜‚ğŸ˜‚ğŸ¤£ğŸ¤£
@usarabbitlovers #rabbit #bunny #rabbits #bunnyday #bunnyboy #cute #pets #rabbitvideo #love #rabbitlovers #bunnylovers #USA https://t.co/bSvdW1sBo6"
2022-09-25T14:28:58Z,1574043286888759300,"Caught cuddling!
#Bunny #Bunnies #rabbit #rabbits #bunniesoftwitter https://t.co/ZN3KzD0IVt"
2022-09-22T15:00:01Z,1572963937079165e3,"Calling all DIY-ers!!! Join in on Wednesday, September 28 at #cthumane Newington for a special in-person PETtalk, â€œPawsome Pet Toys""! Seats are limited. Learn more and register here: https://t.co/f379vqNoeu #crafting #DIY #dogs #cats #rabbits #funforallages https://t.co/HQkPOafHd6"
2022-09-27T09:35:00Z,1574694082105856e3,"In case you missed it: New rapid test for difficult-to-diagnose rabbit parasite #veterinary #veterinarymedicine #rabbits

https://t.co/ofGjTYYHcw"
2022-09-20T20:42:45Z,1572325413120053200,Little Benji ğŸ’— Rescues are full of abandoned rabbits waiting for homes. Please stop breeding and buying!!! ğŸ™ğŸ™ğŸ™ #rescuerabbit #bunny #cuddles #bekind #vegan #Adoptdontshop #furbaby #rabbits #animallovers #rabbits #rescue https://t.co/zc0hwX7ZOj
2022-09-21T19:56:36Z,1572676186794512400,"Do you like comic books? Do you like rabbits? Do you like comic books about rabbits? If you said yes to any one of these questions, you should back my #Kickstarter for my comic book â€œThe Adventures of Reese Rabbit.â€ #comics #comicbooks #rabbits #funny https://t.co/sUFosGUfAe https://t.co/ex2LH5QG1C"
2022-09-24T11:30:25Z,1573635965217898500,A castle fit for a Queenie ğŸ°ğŸ‡ #Rabbits #minilop #queen #boxes #homemade #artsandcrafts https://t.co/832U1LB13F
2022-09-23T17:30:51Z,1573364281311125500,"Did some #bunny say #autumn? ğŸ°ğŸ‚ With it being their favourite time of the year, here's how you can make this season your #rabbits best yet!
https://t.co/d9qLKXOMKO"
2022-09-22T04:50:34Z,1572810565189533700,"Video of a dog feeding carrots to rabbits and a pig is too cute to handle
#CuteVideo #Rabbits #Pig  #ViralVideo 
Download PublicVibe For more Updates: https://t.co/r1qNdk4wX5 https://t.co/vvAOJdLR4b"
2022-09-25T02:17:44Z,1573859265445564400,"@au_tom_otive @EVNewsDaily But no amount of #electrification is really going to make much of a difference as #ClimateChange is just one symptom of #EcologicalOvershoot
That old saying ""breeding like #rabbits"", should really be ""breeding like #humans"" as we could really do with another 0.5-0.75 of #Earth https://t.co/SvXi6t0Kuj"
2022-09-20T21:52:06Z,1572342867024289800,"If only the buns had learned this besides â€˜turnâ€™ &amp; â€˜git back in da houseâ€™, I wouldâ€™ve had 50% less sloppy kisses. ğŸ¥¹ğŸ˜¢ #IMissThoseBunnies #LifeWithBunny #Bunnies #rabbits https://t.co/c2Ec0B8Grm"
2022-09-24T04:30:37Z,1573530320250380300,"â€œLet us make it a memorable International Rabbit Day by saving rabbits from all the atrocities that are conducted against themâ€¦. Warm wishes on this special day.â€

#rabbitday #InternationalRabbitDay #saverabbits #rabbits https://t.co/9MVzBuNOSh"
2022-09-24T11:12:56Z,1573631563807559700,ğŸ“¹ #NightOfTheLepus (1972) - Official #Trailer #InternationalRabbitDay! #Rabbits #RabbitDay!Â  https://t.co/MK6YxgD0ng
2022-09-25T11:48:33Z,1574002914632376300,"Happy Sunday!
#rabbits https://t.co/lPfuECn4Yt"
2022-09-22T16:24:00Z,1572985071015006200,"Pet of the Day ğŸ¶ğŸ±ğŸ°

ğŸ§¾@dallaswinechick

#dogsoftwitter #cutedogs #doggie #puppy #dogsarefamily #DogLover #petlovers
#pets #cats #catsoftwitter #CatsOfTwitter #catsofinstagram #CatsLover #rabbits https://t.co/twhwKJgC93"
2022-09-22T01:07:38Z,1572754460044296200,"One of the best drawings of all time
 
#rabbits #comic #ScholArt

https://t.co/ZPLTo8kdUg https://t.co/k0ljBsMYEf"
2022-09-28T12:41:06Z,1575103302991491e3,The very skeerry #AgidoiHunter house wrabbit in the wolf backyard! #rabbits #houserabbits #domesticrabbits https://t.co/552IHq1qF7
2022-09-24T14:00:13Z,1573673662963671e3,"National Bunny Day prompts me to ask: Are you chasing the White Rabbit? 
https://t.co/9LED035odI

#rabbit #bunny #bunnyday  #fluffy #cuteanimals #bunnies #rabbits #bunnylove #bunnylife #bunnyoftheday #rabbitlove 
#leaderindrugdevelopment #dsinpharmatics #cmcdeeperdepartment #DSI https://t.co/GcHrw0oYmp"
2022-09-27T14:01:43Z,1574761204039688200,"We are LIVE on @Kickstarter! We hope you will like, share and check out our project and help us bring One Two Many Rabbits to life. We promise that it won't try to destroy the world! 
#kickstarter #kickstartercampaign #crowdfunding #games #cardgames #rabbits https://t.co/WPnWcta8Ht"
2022-09-24T13:28:17Z,1573665626236850200,"Fancy sleeping mats? Cozy pillows? Nahâ€¦

Empty space on the bookshelf? Yes please!

She knows better ğŸ˜‚
#pets #animals #rabbits #bunny https://t.co/qYxDLRa8Rh"
2022-09-24T12:29:30Z,1573650832305832e3,"September 24th is International Rabbit Day.  Here is my mixed media painting with watercolors, acrylics, pen and ink of a pair of rabbits called â€œRabbit paradise "" https://t.co/X9eDDFljIT 
#mattstarrfineart #rabbit #rabbitday #bunny #bunnylove #rabbits #cute #bunnies #pet https://t.co/CWb3ctzPXR"
2022-09-22T15:23:56Z,1572969954122801200,"I've read this manga multiple times! You should check it out, too!
 
#rabbits #art #WEBTOON

https://t.co/SSZdQQKwZZ https://t.co/E7hyhWCSbA"
2022-09-25T06:16:02Z,1573919237546168300,"Maize cobs can effectively replace your Crude Fibre source in livestocks feed, especially in #rabbits meal. Nothing goes to waste in #agribusiness. 
Reduce your livestocks feed cost.
Some farmers do dispose or burn it off. Be informed! https://t.co/IYm8N3AYgl"
2022-09-22T13:55:04Z,1572947591041613800,"Our timeline today between 4 and 5pm EST will be dedicated to the #forgottensoulshour 
#AdoptMe #cats #dogs #horses #rabbits https://t.co/f2vsyiGTu7"
2022-09-24T16:00:48Z,1573704010644832300,"It's International Rabbit Day today and we have seen quite a few tiny Saturday Shenanigans happening around our campsites!
https://t.co/hN5STaL3m9
#internationalrabbitday #Bunnies #RVCamping #SOWLERV
#rabbits #instabunny #rabbitsofinstagram #bunniesofinstagram #bunnyoftheday https://t.co/SP1JImIuJ9"
2022-09-24T11:58:05Z,1573642927754068e3,"Happy international Rabbit day â¤ï¸â¤ï¸
Love you, Maya and Norman with all my heart and soul #InternationalRabbitDay #rabbits #bunnies https://t.co/klNkO8iwQF"
2022-09-24T11:11:39Z,1573631240992948200,"Hoppy Saturday Everyone 

Yummy Dandelions ğŸ˜‹ ğŸ˜‹ 

Love you all lots @JettBunny 

#rabbit #rabbits #bunny #bunnies #Ireland #Dublin #Ireland #AdoptDontShop #Rabbithole #bunnyday #pets #pet #cute #love #SaturdayMorning #SaturdayThoughts https://t.co/q9URrWnsL3"
2022-09-25T01:00:19Z,1573839782991593500,Who says only people can walk on two feet? - Harlowe #rabbit #rabbits #rabbitlove #rabbitlife #bunny #bunnies #bunnylove #bunnylovers #bunnyrabbit #ã†ã•ã #å… #í† ë¼ https://t.co/1C2wnswjiN
2022-09-23T07:13:19Z,1573208876744585200,I never knew #rabbits can #swim ğŸ¤— https://t.co/ya97CR3h3J
2022-09-24T15:27:00Z,1573695502197063700,"Pet of the Day ğŸ¶ğŸ±ğŸ°

ğŸ§¾@ghostwhiteshep1

#dogsoftwitter #cutedogs #doggie #puppy #dogsarefamily #DogLover #petlovers
#pets #cats #catsoftwitter #CatsOfTwitter #catsofinstagram #CatsLover #rabbits https://t.co/HUyPdTgLye"
2022-09-24T13:00:19Z,1573658591265017900,"Happy International Rabbit Day! These fluffy buns deserve all the love in the world. Do you have a bunny as well? Share a photo of them and give them treats!
-

#bunnies #rabbitday #internationalrabbitday #cute #petshop #petstore #petsupplies #rabbits #petfoodwarehouse #bunny https://t.co/jBWAd9jo3Q"
2022-09-20T09:42:13Z,1572159182526201900,Beautiful autumn colours! https://t.co/4DfqiRPBfg Handmade bag fits into its own pouch on standby till needed- no more plastic! #tuesdayvibe #autumn #rabbits https://t.co/RM0OyxhxgM
2022-09-25T04:42:12Z,1.5738956205991199e+18,"There's nowhere to go.ğŸ¤£ğŸ¤£ğŸ¤£
#rabbits #rabbit  
#bunnyboy #bunny https://t.co/pGrQVAFGiq"
2022-09-25T09:18:39Z,1573965190835716e3,"This is new arrival Charlie, a handsome mini lop, he is quite feisty &amp; has nipped a few people already! He should be up re-homing soon once his vet visits are done. ğŸ˜¯ğŸ° #rabbits #rabbit #bunny #sundayvibes https://t.co/GL9FpIzXN1"
2022-09-26T20:01:45Z,1574489421705101300,Timeline Cleanser: Rabbit eat snack! #motivation #pets #rabbits #snacks #AMSR #foodie #yum #tweet #Twitter https://t.co/CozFTL7JEs
2022-09-21T23:15:00Z,1572726114572595200,"Rabbits and Hares

 https://t.co/QUUzarLRWP 

#Animals    #Mammals   #Rabbits    #Hares"
2022-09-27T04:10:22Z,1574612388464267300,"@firemind1701 @XianResistance #rabbits  #chickens  And now, The Cute Factor: Or Watch me Pull a Rabbit out of my Hat! Uh, not sure whose voice that is...ğŸ™„ğŸ˜Š https://t.co/tZbVQJJSnS"
2022-09-22T16:57:53Z,1572993599369015300,"This awesome comic deserves more attention!
 
#rabbits #Mecha #leftart

https://t.co/2D3eocPquM https://t.co/AmCMCLmFTl"
2022-09-21T10:05:54Z,1572527530355335200,"""The Disappearing Classroom"" is an absolutely perfect comic! It's living rent free in my head!
 
#rabbits #artworks #comic

https://t.co/9SLLQL6GrF https://t.co/6RyiOWBHXU"
2022-09-27T14:51:37Z,1574773760560955400,"Doggo of the Day ğŸ¶ğŸ±ğŸ°

Please Follow @meta_rach

#dogsoftwitter #cutedogs #doggie #puppy #dogsarefamily #DogLover #petlovers
#pets #cats #catsoftwitter #CatsOfTwitter #catsofinstagram #CatsLover #rabbits https://t.co/sJeO2lq8Lk"
2022-09-24T22:56:17Z,1573808567374807e3,ğŸ†˜ğŸ†˜ğŸ†˜ğŸ†˜ğŸ†˜ğŸ†˜ğŸ†˜ğŸ†˜ğŸ†˜ğŸ†˜ğŸ†˜ğŸ†˜ğŸ†˜ğŸ†˜ğŸ†˜ğŸ†˜ğŸ†˜ğŸ†˜ğŸ†˜ğŸ†˜ğŸ†˜ğŸ†˜ğŸ†˜ğŸ†˜ Help Get a Lengthy Mandatory Minimum Sentences for #Dogfighters - Please Sign the Petition! https://t.co/PEFuBGudcj via @Change #Dogfighting #AnimalCruelty #Kittens #Cats #Dogs #Rabbits #KilledAsBait #AnimalAbuse #BanDogfighting
2022-09-24T15:00:12Z,1573688759438172200,"Happy #InternationalRabbitDay from Alex, the rabbit! Alex has been @CNY_SPCA for over a year and would REALLY â¤ï¸ to find his furever ğŸ¡ ! Heâ€™s litter box trained and is ğŸ± friendly. Help us find him a loving home! 
#adoptashelterrabbit #rabbits #rescuerabbits https://t.co/4K2isM94PC"
2022-09-22T08:51:00Z,1572871069983133700,"Video of a dog feeding carrots to rabbits and a pig is too cute to handle
#CuteVideo #Rabbits #Pig  #ViralVideo 
Download PublicVibe For more Updates: https://t.co/ZoTsVynooW https://t.co/VdQdYLvXB7"
2022-09-24T10:00:11Z,1573613256152842200,"It's #InternationalRabbitDay ğŸ‡
Learn about #rabbits :
https://t.co/7k0kIv32q4
Get a #pet #rabbit if you have what it takes and give your rabbit a treat.
Enjoy fictional rabbits like #RogerRabbit #BugsBunny &amp; #WhiteRabbit 
Learn about folk tales in all cultures.
#RabbitDay https://t.co/tDHxbsGl8S"
2022-09-27T13:29:43Z,1574753153307873300,"Our Drylands Conservation Programme recently conducted a camera trap survey on a farm in the southern population of riverine rabbits (Western Cape). Here is fascinating footage captured on one of the camera traps.
#RiverineRabbit #Karoo #KarooWildlife #Rabbits https://t.co/w6SZM1XVet"
2022-09-24T07:36:43Z,1573577154729681e3,"Pets have the power to fill our hearts with love and Rabbits have always been the most adorable ones. Wishing you all a very #HappyRabbitDay.

#petlovers #OnPets #rabbits #pets https://t.co/RXQAGdhzju"
2022-09-23T16:11:21Z,1573344274489708500,"This is how everyone should be woken up in the morning ğŸ¤ªğŸ¤ªğŸ¥°ğŸ°
@usarabbitlovers #rabbit #bunny #rabbits #bunnyday #rabbitvideo https://t.co/yZ4n3UwbEI"
2022-09-26T14:04:03Z,1574399405276414e3,"TODAY:  Lafeber Company is proud to sponsor a distance-learning event for @msuvets #VetStudents:   ""The Rabbit GIT"" by #rabbit #veterinarian Rae Porter-Blackwell of the Avian &amp; Exotic Animal Clinic of Indianapolis  https://t.co/zBfRRITwoE #rabbit #rabbits https://t.co/hezjDDT2k0"
2022-09-21T16:03:00Z,1572617400079392800,"Pet of the Day ğŸ¶ğŸ±ğŸ°

ğŸ§¾@FlokiTheFizzgig

#dogsoftwitter #cutedogs #doggie #puppy #dogsarefamily #DogLover #petlovers
#pets #cats #catsoftwitter #CatsOfTwitter #catsofinstagram #CatsLover #rabbits https://t.co/KkMcAAvFZF"
2022-09-21T19:02:00Z,157266244556646e4,"These two love eachother very much! ğŸ¥°

#petrabbit #petrabbits #rabbitcare #rabbits #rabbit #bunnies #bunnyboy #bunny #bunnygirl https://t.co/GopNo3wcJ3"
2022-09-21T11:20:11Z,1572546226968756200,"Luke &amp; Leia are young #rabbits from #LeesSummit, MO. https://t.co/S6axd1Ta80 https://t.co/lPJnDzYEj7"
2022-09-20T08:51:15Z,1572146359293313e3,@KyivIndependent #Yellow submarine - they are #cowards and run like #rabbits #Orcs #PutinWarCriminal https://t.co/BRY5jnRJnT
2022-09-27T07:47:26Z,1574667011845951500,"#RehomeHour tonight &amp; every Tuesday.

#dogsoftwitter #dotwitter #dogsontwitter #catsoftwitter #CatsOnTwitter #horsechat #rabbits #equinechat #adoptdontshop #rescue #rescuedogs #rescuecats https://t.co/Iu5VhfmRrf"
2022-09-21T18:36:22Z,1572655996379533300,"All i need is music and rabbits. ğŸ’•

#music #musiclovers #musicandrabbits #rabbits #cuterabbit #rabbit #cuterabbit #rabbitlovers #rabbitshirt #musictshirt #rabbitmug #musicmug #redbubble #redbubbleshop #redbubbleartists

https://t.co/ZtVFLnzbwQ https://t.co/UF5lGH2bfe"
2022-09-20T16:25:46Z,1572260741402460200,Someone has turned into a TRASH PANDA! Luckily it was empty. - Theodore #rabbit #rabbits #rabbitlove #rabbitlife #bunny #bunnies #bunnylove #bunnylovers #bunnyrabbit #ã†ã•ã #å… #í† ë¼ https://t.co/AjrNyg9wJe
2022-09-23T16:37:20Z,1573350817410982e3,"This is how everyone should be woken up in the morning ğŸ¤ªğŸ¤ªğŸ¥°ğŸ°
@RabbitLoversUSA #rabbit #bunny #rabbits #bunnyday #rabbitvideo https://t.co/SVjJ94OBCX"
2022-09-26T06:41:01Z,1574287910932979700,"Irene is an introverted graphic designer whoâ€™s been in the design industry for 8yrs.

Her NFT characters are a Mori-styled family of #rabbits. Mori is a simple and easy-going style with natural colours. The rabbit family works hard to live their daily lives.
#care4lifemy #nft https://t.co/E6z1llSGDJ"
2022-09-27T09:12:00Z,1574688294000009200,"Pet of the Day ğŸ¶ğŸ±ğŸ°

ğŸ§¾Sussy @SussyTheGoldie

#dogsoftwitter #cutedogs #doggie #puppy #dogsarefamily #DogLover #petlovers
#pets #cats #catsoftwitter #CatsOfTwitter #catsofinstagram #CatsLover #rabbits https://t.co/EELRaphxvX"
2022-09-28T00:04:50Z,1574912984010432500,"Say hello to your new best friend 
ğŸ’– Baby Bunny Jacket! 
 https://t.co/Rg096CfZ8y 
*
â¡ï¸$5 OFF shipping with 'SHIP5OFF'
*
Worldwide shippingâœˆ
*
#giftideas #burrowspot #rabbits #rabbitstagram #bunny #bunnylife #bunnygram #bunnylove https://t.co/8332g1IoKO"
2022-09-23T10:30:19Z,1573258451450568700,"Lionheads, mini lops, lops and dwarf lop #rabbits are the most susceptible breeds to #dacryocystitis, a study by the @RoyalVetCollege has revealed.

https://t.co/V10X9x5rtE"
2022-09-22T16:38:07Z,1572988623901065200,"Bunny play times.. ğŸ˜‚ğŸ˜‚ğŸ¤£ğŸ¤£ğŸ°ğŸ°
@usarabbitlovers #rabbit #cute #rabbits #rabbits_daily #bunny #bunnyplay #bunnyday #pets #UK #rabbitvideo #rabbitlovers #USA https://t.co/baQzCWb0wJ"
2022-09-28T15:48:00Z,1575150338839122e3,"Pet of the Day ğŸ¶ğŸ±ğŸ°

ğŸ§¾@elsnaibs

#dogsoftwitter #cutedogs #doggie #puppy #dogsarefamily #DogLover #petlovers
#pets #cats #catsoftwitter #CatsOfTwitter #catsofinstagram #CatsLover #rabbits https://t.co/VQQA5551aj"
2022-09-22T12:51:58Z,1572931712350556200,"Iâ€™ve been seeing fewer #rabbits around #calgary no sign of them at #39thavestationbunnies #photography #ggeraldgarcia #garseeya #garseeyaphoto #yyc #yycliving #jackrabbit @ Calgary, Alberta https://t.co/a9eoZuPxva"
2022-09-26T09:07:09Z,1574324688045621200,"Morning all, as announced on Saturday we wouldnâ€™t be streaming today; Unfortunately we had a rough night with this little beauty! Seems to be back to her usual self now though. We are all absolutely shattered ğŸ¤£ğŸ˜´ğŸ’¤  #bunny #rabbits #bunnies #rabbit #mondaythoughts #monday https://t.co/oIlivlpZ7P"
2022-09-25T16:58:03Z,1574080804912738300,They got this picture of me.... lets see our Twitter family.. use [#bunlife] have great day #PicOfTheDay #bunny #rabbits #CuteAnimals #flemishgiants https://t.co/voKT0jeeQs
2022-09-28T04:09:16Z,1574974497517883400,"It's so cute. I can't stand it.â˜ºï¸â˜ºï¸â˜ºï¸
#rabbits #rabbit  
#bunnyboy #bunny 
#GoldenRetriever
#Dog #brother https://t.co/rKZdUW7SaH"
2022-09-28T18:26:25Z,1575190205727842300,"Apparently I read comics now
 
#rabbits #comicspa #illustrationart

https://t.co/hqmiL8su9X https://t.co/Fh5on9xs2p"
2022-09-22T16:05:43Z,1572980471239217200,"This awesome comic deserves more attention!
 
#rabbits #WEBTOON #ArtistOnTwitter

https://t.co/qDwzQHG6ru https://t.co/dOoPXnCnU2"
2022-09-28T05:27:55Z,1574994290383544300,"Easter SVG Bundle, Easter svg, easter bunny chicks eggs https://t.co/H0HUM1PPqu #Easter #EasterSvgDxf #bunny #rabbits #rabbit #design #designthinking #designresources #designbundles #designinspiration #pets #petlovers #handmade #crafting #craft #Decorations #signs #wallart #quote"
2022-09-27T14:14:42Z,1574764472908103700,Grey Zipped Knitting Bag: CATS + RABBITS in the GARDEN. https://t.co/KbnKdEkUrh via @Etsy #knitting #sewing #crocheting #cats #rabbits #garden #craft #storage #bags
2022-09-21T09:44:22Z,1572522113478664200,"Ready to get inspired? ğŸ¥° 
13 Unique Top Gifts For Rabbit Lovers 
https://t.co/lhRaqgF5my
 *
#burrowspot #rabbits #rabbitsofinstagram #bunny #bunnylife #bunnygram #bunnylovers https://t.co/2oIGad7OEg"
2022-09-25T16:28:51Z,1574073456223813600,Rare #carltonware ribbed rabbit  now available from my Etsy shop #rabbit #rabbits #bunny #rare #collectible  https://t.co/0TbfA2a3bm
2022-09-24T12:31:53Z,1573651432565362700,"September 24th is International Rabbit Day.  Here is my mixed media painting with watercolors, acrylics, pen and ink of a pair of rabbits called â€œRabbit paradise"" with some products.  https://t.co/X9eDDFljIT 
#mattstarrfineart #rabbit #rabbitday #bunny #bunnylove #rabbits #cute https://t.co/Pt5ZIIuGOP"
2022-09-23T19:26:44Z,1573393448287223800,"Samples set for the trade show this weekend, do you like our eco refill bags?! ğŸ¹ğŸŒ±ğŸ­ 100% recyclable, 100% biodegradable, 100% tasty! ğŸ˜‹ğŸ¹â¤ï¸ğŸ™ŒğŸ» Sweet! ğŸ‘Œ #haypigs #pignmix #complementary #feed #guineapigs #rabbits #smallanimals #enrichment #fun #ecofriendly @PATS_TELFORD https://t.co/6CGQGf0lsh"
2022-09-20T16:12:37Z,1572257431698161700,"Queenie forgot she can do bunstruction and realised she can help Trixie escape! Also, it is very tiring so she needed a much needed flop. ğŸš§ğŸ‡ğŸ‡ #bunnies #petsoftwitter #Bunstruction #Rabbits #Nature https://t.co/BBd7rqBSfy"
2022-09-25T01:19:34Z,1573844629706842e3,"3 IN A ROW! - Penrith have booked themselves a trip to their third straight grand final! Thoughts on the game? 

#nrl #penrith #panthers #pantherpride  #rugbyleague  #football #rugby #NRLPanthersSouths #rabbitohs #souths #rabbits #gorabbitohs #NRLGF https://t.co/l0SBIWOVjO"
2022-09-26T12:07:40Z,1574370113280774100,RIP beautiful girl ğŸ’— #rabbits #AdoptDontShop #animallovers https://t.co/e1stRCi5Bo
2022-09-24T05:00:33Z,1573537850339065900,What a lovely surprise when I took Rainbow to the vet! Dozens of bunny videos for a screen saver. #rabbit #rabbits #rabbitlove #rabbitlife #bunny #bunnies #bunnylove #bunnylovers #bunnyrabbit #ã†ã•ã #å… #í† ë¼ https://t.co/gQSnGvv4Ju
2022-09-24T17:14:43Z,1573722612273905700,"On a good day, I'm a bunny. On a bad day, I'm still a bunny.

Know more about me on https://t.co/wMZqiCiDUOğŸ°

Happy #internationalrabbitday â¤ï¸

#bestpetadvice #pets #rabbits #love #animals #petlovers #rabbitlife #rabbitlove #WritingCommunity #writerslift https://t.co/SQ9zMIatLv"
2022-09-24T04:04:31Z,1573523750645276700,"Rabbits have always been the cutest and most adorable mammals and International Rabbit Day reminds us that it is our responsibility to save them.

#rabbitday #InternationalRabbitDay #saverabbits #rabbits https://t.co/o6jMfQM7V7"
2022-09-20T19:02:00Z,1572300057885515800,"Lenny LOVES his green breakfast! ğŸ¥°

#petrabbit #petrabbits #rabbitcare #rabbits #rabbit #bunnies #bunnyboy #bunny #bunnygirl https://t.co/0rfDIwidJ1"
2022-09-20T17:10:31Z,1572272003981213700,"A vet in #Middletown is holding #vaccine #clinics to protect pet #rabbits from Rabbit #hemorrhagic #Disease #Virus. 

This post was fact checked by #Oigetit

https://t.co/W2rRccV0E8 https://t.co/bBsSlLCbTB"
2022-09-25T23:53:40Z,1574185397713703e3,Bunny mouth for #bunday #dutchrabbits #rabbits https://t.co/VWBFjvpBtM
2022-09-26T23:14:09Z,1574537841022902300,"No new show this week but check out our exclusive YouTube bonus shows. We play #wouldyourather and it gets crazy.  ğŸ˜… Full show link below!!
#WelpThisIsItPodcast #Raccoon
#rabbits
https://t.co/QZNATfdoYY https://t.co/Q8qxu4eM1N"
2022-09-28T08:50:54Z,1575045371088502800,New review up. The Warren from @bullypulpit_hq being a rabbit in a brutal world. https://t.co/zwBGOoQjkc #TTRPG #ttrpgcommunity #TTRPGs #ttrpgfamily #tabletopgames #tabletop #tabletopgaming #games #rpg #indiegames #gaming #nature #watershipdown #rabbits #apocolypseworld
2022-09-28T15:44:21Z,1575149420437536800,"Adopt this rabbit!
2 years/female
arrived 8/24 A1200352
Located at 8315 Byrum Dr
Charlotte NC
#ACCadopt #ACCsmolpets #animals #pets #adoptme #rabbits #smallpets https://t.co/4HUfrrXzHT"
2022-09-22T08:43:04Z,1572869074081656800,"Video of a dog feeding carrots to rabbits and a pig is too cute to handle
#CuteVideo #Rabbits #Pig  #ViralVideo 
Download PublicVibe For more Updates: https://t.co/ndhMzAMEXp https://t.co/PkEs3qKNk0"
2022-09-27T19:02:00Z,1574836773032759300,"Bun buns wish you a very happy bunday! ğŸ¥° 

#petrabbit #petrabbits #rabbitcare #rabbits #rabbit #bunnies #bunnyboy #bunny #bunnygirl https://t.co/y7rrqnlRxT"
2022-09-26T15:51:00Z,1574426317910581200,"Pet of the Day ğŸ¶ğŸ±ğŸ°

ğŸ§¾@RSVP2Wendy

#dogsoftwitter #cutedogs #doggie #puppy #dogsarefamily #DogLover #petlovers
#pets #cats #catsoftwitter #CatsOfTwitter #catsofinstagram #CatsLover #rabbits https://t.co/unLlwShNPQ"
2022-09-28T19:38:58Z,157520846623044e4,"Liam Bunnagher and Ziggy Starbuns taking breakfast in their loo. 
#Bunnies #Rabbits https://t.co/sOGJd2GbXN"
2022-09-24T12:34:02Z,1573651975899680800,"Cute #Rabbit (101) ##Rabbit
 
https://t.co/EFGLMSPibK
 
#Animal #Bunny #CuteBunny #CuteRabbit #PetRabbit #Rabbits https://t.co/spBFJqNC7K"
2022-09-26T12:06:52Z,157436991556105e4,"Apparently I read comics now
 
#rabbits #minicomic #Artstyle

https://t.co/a4vav6EdKK https://t.co/H8OSfNYE7b"
2022-09-24T19:44:48Z,1573760380303802400,Happy #InternationalRabbitDay . We will always strive to be the best bun parents that we can be. Love you so much you cheeky little monkeys ğŸ’™#rabbits #bunparents #bunnies #buns https://t.co/dhFfIWaqkK
2022-09-24T07:55:58Z,1573581998765006800,"ğŸ‡ Happy International Rabbit Day, everyone!

Take a look at some of our favourite bunny buys ğŸ‘‡

ğŸ¥• Feed hay
ğŸ¥• Rosewood Treat N Gnaw Carrots
ğŸ¥• Boredom Breaker Woodies 3D Carrot
ğŸ¥• Rosewood Hay Rack

#internationalrabbitday #internationalrabbitday2022 #rabbit #rabbits https://t.co/UiU7VBX5jY"
2022-09-25T02:38:37Z,1573864521701154800,"@CrueltyFreeIntl #petition Via Cruelty Free International @CrueltyFreeIntl  #Animals
#SendSurvivorsHome By Supporting the CARE Act &gt;
https://t.co/tB73Ml3hd0.

ğŸ¾ğŸ¾ #CatsğŸ˜º #DogsğŸ• #rabbitsğŸ‡

The Companion Animal Release from Experiments (CARE) Act
#SendSurvivorsHome"
2022-09-24T14:30:09Z,1573681194784493600,"It's International Rabbit Day! 

Rabbits make amazing companion animals!

Say hi to Bob, our office Bun. He's such a special part of our team.
#rabbitsoftwitter #rabbit #rabbits #bunnies #bunniesoftwitter https://t.co/T6T9R36Ds1"
2022-09-26T19:20:12Z,1574478964151681e3,"Trixie and Piper are curious, adult #rabbits from #Naples, FL. https://t.co/Sx4RVSkAUu https://t.co/6Rj76axh9I"
2022-09-22T16:13:36Z,1572982456529322e3,"Bunny play times.. ğŸ˜‚ğŸ˜‚ğŸ¤£ğŸ¤£ğŸ°ğŸ°
@RabbitLoversUSA #rabbit #cute #rabbits #rabbits_daily #bunny #bunnyplay #bunnyday #pets #UK #rabbitvideo #rabbitlovers #USA https://t.co/MEXwohg2mR"
2022-09-27T15:38:05Z,1574785457375875e3,"I've read this manga multiple times! You should check it out, too!
 
#rabbits #Fantasy #dance

https://t.co/mgPZG4YqH1"
2022-09-23T01:19:55Z,1573119939879506e3,"#rabbits #bunny Upload for the 22nd of September, 2022 https://t.co/0d2JOYnJLp"
2022-09-27T08:12:43Z,1574673374139322400,Good Morning IGğŸ°ğŸ¶ğŸ° #rabbits #dog #cute #isleptbetterlastnight #ifeelalotbetter https://t.co/S6q6QoD93R
2022-09-24T17:47:51Z,1573730948767572e3,"https://t.co/eFFuqsH6bo

@ATT1Powell thank you for this honor.. also to all buns of Twitter, Hoppy International Rabbit Day... #internarionalrabbitday #rabbit #bunny #cute #CuteAnimals #bunlife #rabbits #flemishgiants #pets"
2022-09-24T22:25:16Z,1573800762701906e3,Rabbit Photo https://t.co/IdOmtxdDat via @zazzle #Ornament #rabbits #bunny #animals #photography #photo
2022-09-25T19:02:00Z,1.5741119971085599e+18,"Bun buns like their greens, especially parsley, basil, cilantro, and kale. ğŸ¥°ğŸ˜

#petrabbit #petrabbits #rabbitcare #rabbits #rabbit #bunnies #bunnyboy #bunny #bunnygirl https://t.co/BBSVdFVKVf"
2022-09-22T07:14:56Z,1572846893990039600,"Video of a dog feeding carrots to rabbits and a pig is too cute to handle
Download PublicVibe For more Updates: https://t.co/DH8F8eFeas

#CuteVideo #Rabbits #Pig #ViralVideo https://t.co/mI8COldC3Y"
2022-09-22T08:04:05Z,1572859262791225300,"Stuffed Toy Bunny Rabbits, Handmade Cloth Doll 13'', Bunny Soft Doll, Personalized Rag Doll, Heirloom Doll, Fabric Doll Handmade ğŸ‘
 #cloth #Stuffed #Rabbits #bunny #rag #doll #Heirloom #Personalized #Fabric #soft #Handmade #toy
https://t.co/b6klkosmIY"
2022-09-23T06:20:04Z,157319547504128e4,Bright Eyes (feat. Ric Liao)  [bitpop chiptune] Tribute to Art Garfunkel https://t.co/mGD7KUsbSv #8bit #music #c64 #commodore64 #retro #vgm #bitpop #chiptune #80s #Art #Garfunkel #rabbits
2022-09-24T16:17:03Z,1573708098623381500,ğŸ¾ Hilarious Rabbit Chews Off Owner's Hair! #Shorts #Rabbits https://t.co/i1va5LJTid https://t.co/QlXWJ9QWd2 | https://t.co/PIONUrWkOr
2022-09-27T11:57:10Z,1574729860366229500,"New Christmas book!

After getting lost in the snow Jack is rescued by Father Christmas. To make up for his mischief, Jack helps deliver gifts to all the good girls and boys.
#childrensbooks #books #Christmas #rabbits #SantaClaus #storybook

https://t.co/xugOmv6ovY https://t.co/RczW3sEkJk"
2022-09-24T14:03:58Z,1573674605885022200,"The plot of ""Don't Mess With My Mom"" is like a roller coaster of emotion. It's riveting and full of surprises!

#rabbits #mangaespa #music
 https://t.co/Aiz34MS9jU https://t.co/qRZYZN0sIq"
2022-09-28T19:20:11Z,1575203736951177200,"Margi &amp; Maeve  are sweet, adult #rabbits from #Chicago, IL. https://t.co/crcYnn8hXQ https://t.co/aYrQeOWBPH"
2022-09-25T15:08:08Z,1574053142525796400,"We have bunnies! And this month adoption fees are waived so maybe you'll consider adopting two? Rabbits enjoy the company of another rabbit and our volunteers can help you make a match. To see our available bunnies, go to https://t.co/L6foUcHQHE #rabbits #bunnies #adoptdontshop https://t.co/Y5lrbBsDft"
2022-09-28T19:40:37Z,1575208880237293600,"I've been completely addicted to ONEPIECE and Unexpected Luck
 
#rabbits #comicespa #memeslover

https://t.co/WPUhQH0ntH https://t.co/zMFiAsXmv1"
2022-09-21T06:06:10Z,1572467202904756200,Bunny gang snackin ğŸ˜ #bunny #rabbit #bunnies #rabbits https://t.co/SiAJ32VTuu
2022-09-22T16:37:13Z,1572988399438696400,"If you have a passion for animals and are looking to make a difference, consider volunteering at the Mission Viejo Animal Services Center as a rabbit &amp; guinea pig caretaker. 

https://t.co/H90z8TPvjP

#missionviejoanimalservicescenter #volunteer #rabbits #guineapigs
#orangecounty https://t.co/FgkGGmWLwI"
2022-09-23T14:05:04Z,1573312497209471e3,"Snagged my 2 tiny units ğŸ¤ğŸ¼ ğŸ°

These are way too fire to pass up! Honestly! ğŸ”¥ğŸ”¥ğŸ”¥

â¬‡ï¸â¬‡ï¸â¬‡ï¸

https://t.co/iOFxfqip3N

â¬†ï¸â¬†ï¸â¬†ï¸

#nft #NFTCommunity #pixelart #Ethereum #rabbits #bunny #alphaplay #smallcap #lfg

@tinyrabbitland https://t.co/jSYxYlz0rf"
2022-09-24T20:20:11Z,1573769286899957800,"Dot and Luna are young #rabbits from #Kent, WA. https://t.co/CF9MnwJlrh https://t.co/KAlFW4i812"
2022-09-24T14:01:04Z,1573673877888274400,Itâ€™s #NationalRabbitDay! Did you know that #Rabbits always need something to chew on? Here are some tips for finding the right #RabbitChewToys for your fluffy friend. https://t.co/yzTOQdMOmj https://t.co/eBMFrARmE1
2022-09-26T20:50:09Z,1574501603788439600,"For your consideration #Vintage #SaltandPepper #Shakers
White #rabbits Dressed Up For Dinner #MadeInJapan #collectables #bunnies
perfect for stocking stuffers for a #ChirstmasGiftIdea via:
https://t.co/VjaWytsJsw

#ebayfinds #farbacktrading
https://t.co/PSukXzCQIF via @YouTube"
2022-09-25T04:10:23Z,1573887616239702e3,"My rabbit dey fin short time, pls dm Any female rabbit ğŸ‡ available for hook up??? ğŸŒšğŸ˜«ğŸ™„.  #RabbitDay #rabbits https://t.co/6ngARWd6ai"
2022-09-20T16:06:20Z,1572255852375015400,Best Rabbit Harness - Types and Characteristics https://t.co/147YjnolC4 #rabbits https://t.co/l9WfnZRpxF
2022-09-23T16:26:00Z,1573347962528333800,"Pet of the Day ğŸ¶ğŸ±ğŸ°

ğŸ§¾@suziday123

#dogsoftwitter #cutedogs #doggie #puppy #dogsarefamily #DogLover #petlovers
#pets #cats #catsoftwitter #CatsOfTwitter #catsofinstagram #CatsLover #rabbits https://t.co/laenpICg5R"
2022-09-24T21:25:05Z,1573785619821920300,"In honour of #InternationalRabbitDayğŸ°, here's the wildflife documentary I was interviewed for about the hard life that #Rabbits are subjected to by humans.

ğŸ‡Domestic Rabbit - A Short Documentary https://t.co/qKASACYueN #AnneBillingsley 

#AnimalLaw | @RabbitatsRescue"
2022-09-24T13:50:12Z,1573671144565211100,We have Hoppy Homes Rescue here in the community room until 2pm. #sjfmnl #sjfm #rabbits #bunnys https://t.co/OO1eLSb3vS
2022-09-22T01:20:14Z,1572757632410173400,"Dana and Deana are young #rabbits from #Chesterfield, MO. https://t.co/0WnwNjwcMp https://t.co/82cbijCKWG"
2022-09-22T23:05:11Z,1573086032668532700,Wonderful event and powerful message from the #magnificent7 beagles @RepCardenas @CrueltyFreeUSA @CrueltyFreeIntl &amp; @HomewardTrails at this event on Capitol Hill promoting the #CAREAct Call your legislators to cosponsor the bill! #sendsurvivorshome #envigo #beagles #rabbits #cats https://t.co/fut13ZPHtp
2022-09-24T16:02:17Z,1573704383166091300,"It is International Rabbit Day! Today we recognize the need to protect and care for domestic and wild rabbits. Thank you, rabbits, for brightening our lives.

(We know rabbits can't read, but the sentiment is still there.)

#print #printing #design #bunny #rabbit #rabbits https://t.co/XS0pNtC4S2"
2022-09-27T08:15:00Z,1574673949472030700,"Do you have a complete section of your photo album just for your pet?

#pets #dogs #rabbits #cats #guineapig #animals #gerbil #puppy #petfish #animallovers #doglovers #petlovers #petslifeuk #householdpetsinformation  #catoftheday #kitten #petsoftheday #petbirds #hamster https://t.co/kE2OfuCinI"
2022-09-24T15:58:11Z,1573703349006127e3,"So cute my bunny. ğŸ¥°ğŸ¥°ğŸ°ğŸ°â¤â¤
@RabbitLoversUSA #rabbit #bunny #rabbitvideo #rabbits #rabbitlovers #bunnylovers #bunnyday #pets https://t.co/W4GQgnF2MP"
2022-09-27T23:37:50Z,1574906187203518500,"When I'm not reading SPYxFamily, I'm reading The Patriarch Can't Resist His Princesses!
 
#rabbits #animeworld #aiart

https://t.co/mXCFdCMSny https://t.co/OmB0UFQGWr"
2022-09-28T15:45:01Z,1575149587815432200,"#Rabbits are pretty particular, so it is important that you keep their hutch clean and tidy. But even that is not always enough to prevent bunnies from getting poo stuck to their bums. Learn when you need to do when they do!
https://t.co/LbxYfLyzOO"
2022-09-24T18:33:33Z,1573742452216774700,"Today is International Rabbit Day! ğŸ° They bring us so much joy and love. ğŸ¥° Always give them the love and care that they deserve and you will be given the same back. ğŸ°ğŸ°

#rabbits #hollandlop #bunnies #bunny #cute #blackotter #harlequin #harlequinrabbit #InternationalRabbitDay https://t.co/zZxrwjl1HE"
2022-09-23T10:50:57Z,1573263644476964900,"The difference between #MOE #NFT #GAMING and #trend NFT is the #quality and #attention to #detail. In addition, each pet has seven #different #types, divided into #cats, #pigs, #frogs, #dogs, #rabbits, #sheep, and #goats. #Play now: https://t.co/AN0ifH4A8z"
2022-09-22T04:32:18Z,1572805965082398700,"When I'm not reading SPYxFamily, I'm reading Yesterday was like Death!
 
#rabbits #arttwt #comiccommunity

https://t.co/7CKmNPVou4 https://t.co/qVeKTdXD8A"
2022-09-25T00:34:45Z,1573833349449252900,Hundreds of #rabbits suffered and more died at this fake rescue in Minnesota. #Justice4Animals https://t.co/AXFHR26B6V
2022-09-23T10:55:33Z,1573264804546072600,"Gonna do some comic reading

#rabbits #HorrorÂ  #Comic
 https://t.co/8vabqcfwoG https://t.co/Q9wSLuAVq6"
2022-09-23T20:58:34Z,1573416556465623e3,SIGN: https://t.co/EQVt7CPmg7 #AnimalTesting #injections #cosmetics #torture #rabbits #mice #GuineaPigs
2022-09-22T19:02:00Z,1573024833281134600,"Lil' bun is a lil' troublemakerğŸ˜ğŸ˜‚

 #petrabbit #petrabbits #rabbitcare #rabbits #rabbit #bunnies #bunnyboy #bunny #bunnygirl https://t.co/KDe6RZtKrJ"
2022-09-28T05:32:28Z,1574995433524367400,Spring Bunny 3D Shadow Box SVG Papercut Cutting File https://t.co/AN1WrHXw7j #Easter #EasterSvgDxf #bunny #rabbits #rabbit #design #designthinking #designresources #designbundles #designinspiration #pets #petlovers #handmade #crafting #craft #Decorations #Wallpapers #wallart
2022-09-25T14:34:28Z,1574044670413262800,"The @OfficialRedgate is an #animal sanctuary based in #Leicestershire #UK rehoming #cats, #rabbits, #chickens, #guineapigs, #ducks. 
#AdoptMe #AdoptPets #AdoptAnimals https://t.co/CG4w8aoCX8"
2022-09-28T05:25:02Z,1574993564299165700,Easter Bunny Zentangle art Rabbits sublimation Hares Cricut https://t.co/c7UlQbZWh2 #Easter #EasterSvgDxf #bunny #rabbits #rabbit #design #designthinking #designresources #designinspiration #pets #petlovers #handmade #crafting #craft #Graphic #Decorations #signs #wallart #quote
2022-09-24T02:15:48Z,1573496390801571800,Getting that boy all ready to go for the winter #rabbit #rabbits #bunny #bunnies #shed #combing https://t.co/dSK8GV6URa
2022-09-24T10:15:58Z,1573617230776078300,"Happy International Rabbit Day 
#happyinternationalrabbitday 
#rabbitday 
#rabbits 
#bunnies https://t.co/hIYSrzF1ES"
2022-09-23T22:32:18Z,1573440145604345900,Coco Bean loves to sit and watch me. I'm her TV! #rabbit #rabbits #rabbitlove #rabbitlife #bunny #bunnies #bunnylove #bunnylovers #bunnyrabbit #ã†ã•ã #å… #í† ë¼ https://t.co/gZlgmspj70
2022-09-28T05:22:09Z,1574992840999911400,Easter Bunny Plate Treat Tray SVG https://t.co/K0of5757J3 #Easter #EasterSvgDxf #bunny #rabbits #rabbit #design #designthinking #designresources #designbundles #designinspiration #pets #petlovers #handmade #crafting #craft #Graphic #Decorations #signs #Wallpapers #wallart #quote
2022-09-26T14:15:19Z,1574402238042329e3,"Did you know that small furries such as Rabbits, Guinea Pigs, Rats etc.... DO NOT need to be starved prior to any surgery?

Their stomachs/digestive systems do not work the same way as Dogs and Cats :) #rabbits #rats #guineapigs https://t.co/q9pULLB271"
2022-09-24T15:48:32Z,1573700921321734100,Help Get a Lengthy Mandatory Minimum Sentences for #Dogfighters - Please Sign the Petition! https://t.co/HzI5VCzZhu via @Change #Dogfighting #AnimalCruelty #Kittens #Cats #Dogs #Rabbits #KilledAsBait #AnimalAbuse #BanDogfighting #AnimalRights
2022-09-24T15:01:08Z,1573688994780614700,"ğŸ‡ In the spirit of International Rabbit Day we wanted to share with you more of our favourite bunny buys!

ğŸ‘‡ Take a look at the Supreme Selective Naturals range, all available in store NOW!

#internationalrabbitday #internationalrabbitday2022 #rabbit #rabbits https://t.co/M5FOs41vW5"
2022-09-24T02:22:57Z,1573498189671714800,"Tasty foodğŸŒ±ğŸ°ğŸ¥°

#rabbit #rabbits #rabbitlover https://t.co/AMdSOKekyC"
2022-09-26T12:08:25Z,1574370303035441200,"Gonna do some comic reading
 
#rabbits #minicomic #Artstyle

https://t.co/urIdu3i1hz https://t.co/dBzEcvwmkw"
2022-09-27T06:18:15Z,1574644568431239200,"Big Data: Principles and best practices of scalable realtime data systems 

https://t.co/eapMdqu3Yz
 
#100daysofcode #rabbits #diy #microsoftprogramming #datamining #programming #socialmedia"
2022-09-21T20:46:12Z,1572688668363751400,"You want to give something special 
ğŸ’˜ Super Soft Rabbit Plush Toy! 
 https://t.co/YYpSbgWFMw 
*
ğŸ$5 OFF shipping with 'SHIP5OFF'
*
Worldwide shippingâœˆ
*
#giftideas #burrowspot #rabbits #rabbitstagram #bunnies #rabbitlife #bunnystagram #bunnylover https://t.co/ipZJZXGilZ"
2022-09-26T12:03:37Z,1574369096141262800,"Great to see that our mascot has approved the new business cards.

#rabbits #SmallBusiness #Belfasthour #rabbit #socialmediamarketing https://t.co/sX3BNFGN1x"
